{
  "meta": {
    "version": "5.15-PRO+++",
    "calibration": "Assurance-BE/UE",
    "updated": "2025-10-15T00:00:00Z",
    "description": "Seuils d'alerte calibrés sur normes assurantielles et risques physiques réels. Utilisés par evaluate.js, aiAnalysis.js, watchdogService.js."
  },
  "rain": {
    "prealert": 8,
    "alert": 20,
    "extreme": 50,
    "unit": "mm/h",
    "notes": "Seuils ajustés pour ruissellement urbain et crue rapide. Modulation IA : relief, pente, imperméabilité, VisionIA."
  },
  "snow": {
    "prealert": 1,
    "alert": 3,
    "extreme": 10,
    "unit": "cm/h",
    "notes": "Seuils modulés selon altitude et température du sol (<0°C -> abaissement automatique)."
  },
  "wind": {
    "prealert": 60,
    "alert": 80,
    "extreme": 110,
    "unit": "km/h",
    "notes": "80 km/h = seuil légal 'tempête' pour couverture assurance habitation (BE/UE)."
  },
  "heat": {
    "prealert": 30,
    "alert": 36,
    "extreme": 40,
    "unit": "°C",
    "notes": "Seuils relatifs à stress thermique population et animaux."
  },
  "cold": {
    "prealert": -5,
    "alert": -10,
    "extreme": -15,
    "unit": "°C",
    "notes": "Risque gel/verglas. Modulation IA si humidité >80 %."
  },
  "humidity": {
    "prealert": 95,
    "alert": 98,
    "extreme": 100,
    "unit": "%",
    "notes": "Utilisé pour stress végétal / moisissures / condensation."
  },
  "visionia": {
    "prealert": 75,
    "alert": 85,
    "extreme": 92,
    "unit": "%",
    "notes": "Indice de convection et instabilité observé par VisionIA (satellites)."
  }
}
